{
  "South Africa": "Africa",
  "Egypt": "Africa",
  "Algeria": "Africa",
  "Nigeria": "Africa",
  "Morocco": "Africa",
  "Kenya": "Africa",
  "Angola": "Africa",
  "Ghana": "Africa",
  "Ethiopia": "Africa",
  "Côte d'Ivoire": "Africa",
  "Tanzania": "Africa",
  "Democratic Republic of the Congo": "Africa",
  "Uganda": "Africa",
  "Cameroon": "Africa",
  "Tunisia": "Africa",
  "Zimbabwe": "Africa",
  "Libya": "Africa",
  "Senegal": "Africa",
  "Sudan": "Africa",
  "Zambia": "Africa",
  "Guinea": "Africa",
  "Burkina Faso": "Africa",
  "Mali": "Africa",
  "Mozambique": "Africa",
  "Benin": "Africa",
  "Niger": "Africa",
  "Chad": "Africa",
  "Gabon": "Africa",
  "Madagascar": "Africa",
  "Botswana": "Africa",
  "Mauritius": "Africa",
  "Republic of Congo": "Africa",
  "Malawi": "Africa",
  "Rwanda": "Africa",
  "Namibia": "Africa",
  "Equatorial Guinea": "Africa",
  "Somalia": "Africa",
  "Mauritania": "Africa",
  "Togo": "Africa",
  "Sierra Leone": "Africa",
  "Burundi": "Africa",
  "Eswatini": "Africa",
  "Liberia": "Africa",
  "South Sudan": "Africa",
  "Djibouti": "Africa",
  "Central African Republic": "Africa",
  "Cabo Verde": "Africa",
  "The Gambia": "Africa",
  "Guinea-Bissau": "Africa",
  "Lesotho": "Africa",
  "Seychelles": "Africa",
  "Eritrea": "Africa",
  "Comoros": "Africa",
  "São Tomé and Príncipe": "Africa",



  "Saudi Arabia": "Arab League",
  "United Arab Emirates": "Arab League",
  "Iraq": "Arab League",
  "Qatar": "Arab League",
  "Kuwait": "Arab League",
  "Oman": "Arab League",
  "Syria": "Arab League",
  "Jordan": "Arab League",
  "Bahrain": "Arab League",
  "Lebanon": "Arab League",
  "Palestine": "Arab League",
  "Yemen": "Arab League",
  "China": "Asia-Pacific",
  "Japan": "Asia-Pacific",
  "India": "Asia-Pacific",
  "South Korea": "Asia-Pacific",
  "Australia": "Asia-Pacific",
  "Indonesia": "Asia-Pacific",
  "Taiwan": "Asia-Pacific",
  "Thailand": "Asia-Pacific",
  "Singapore": "Asia-Pacific",
  "Bangladesh": "Asia-Pacific",
  "Philippines": "Asia-Pacific",
  "Vietnam": "Asia-Pacific",
  "Malaysia": "Asia-Pacific",
  "Hong Kong": "Asia-Pacific",
  "Pakistan": "Asia-Pacific",
  "New Zealand": "Asia-Pacific",
  "Sri Lanka": "Asia-Pacific",
  "Myanmar": "Asia-Pacific",
  "Nepal": "Asia-Pacific",
  "Macau": "Asia-Pacific",
  "Papua New Guinea": "Asia-Pacific",
  "Cambodia": "Asia-Pacific",
  "Mongolia": "Asia-Pacific",
  "Brunei": "Asia-Pacific",
  "Laos": "Asia-Pacific",
  "Maldives": "Asia-Pacific",
  "Fiji": "Asia-Pacific",
  "Bhutan": "Asia-Pacific",
  "Timor-Leste": "Asia-Pacific",
  "Solomon Islands": "Asia-Pacific",
  "Vanuatu": "Asia-Pacific",
  "Samoa": "Asia-Pacific",
  "Tonga": "Asia-Pacific",
  "Micronesia": "Asia-Pacific",
  "Marshall Islands": "Asia-Pacific",
  "Palau": "Asia-Pacific",
  "Kiribati": "Asia-Pacific",
  "Nauru": "Asia-Pacific",
  "Tuvalu": "Asia-Pacific",
  "Brazil": "Latin America & Caribbean",
  "Mexico": "Latin America & Caribbean",
  "Argentina": "Latin America & Caribbean",
  "Colombia": "Latin America & Caribbean",
  "Chile": "Latin America & Caribbean",
  "Peru": "Latin America & Caribbean",
  "Dominican Republic": "Latin America & Caribbean",
  "Ecuador": "Latin America & Caribbean",
  "Guatemala": "Latin America & Caribbean",
  "Venezuela": "Latin America & Caribbean",
  "Costa Rica": "Latin America & Caribbean",
  "Panama": "Latin America & Caribbean",
  "Uruguay": "Latin America & Caribbean",
  "Bolivia": "Latin America & Caribbean",
  "Paraguay": "Latin America & Caribbean",
  "Honduras": "Latin America & Caribbean",
  "El Salvador": "Latin America & Caribbean",
  "Haiti": "Latin America & Caribbean",
  "Trinidad and Tobago": "Latin America & Caribbean",
  "Guyana": "Latin America & Caribbean",
  "Jamaica": "Latin America & Caribbean",
  "Nicaragua": "Latin America & Caribbean",
  "The Bahamas": "Latin America & Caribbean",
  "Barbados": "Latin America & Caribbean",
  "Suriname": "Latin America & Caribbean",
  "Belize": "Latin America & Caribbean",
  "Saint Lucia": "Latin America & Caribbean",
  "Antigua and Barbuda": "Latin America & Caribbean",
  "Grenada": "Latin America & Caribbean",
  "Saint Kitts and Nevis": "Latin America & Caribbean",
  "Saint Vincent and the Grenadines": "Latin America & Caribbean",
  "Dominica": "Latin America & Caribbean",
  "North America": "North America",
  "United States": "North America",
  "Canada": "North America",
  "Cuba": "North America",
  "Germany": "Europe",
  "United Kingdom": "Europe",
  "France": "Europe",
  "Italy": "Europe",
  "Russia": "Europe",
  "Spain": "Europe",
  "Turkey": "Europe",
  "Netherlands": "Europe",
  "Poland": "Europe",
  "Switzerland": "Europe",
  "Belgium": "Europe",
  "Sweden": "Europe",
  "Ireland": "Europe",
  "Austria": "Europe",
  "Norway": "Europe",
  "Denmark": "Europe",
  "Romania": "Europe",
  "Czech Republic": "Europe",
  "Kazakhstan": "Europe",
  "Portugal": "Europe",
  "Finland": "Europe",
  "Greece": "Europe",
  "Hungary": "Europe",
  "Ukraine": "Europe",
  "Slovakia": "Europe",
  "Bulgaria": "Europe",
  "Serbia": "Europe",
  "Croatia": "Europe",
  "Luxembourg": "Europe",
  "Lithuania": "Europe",
  "Azerbaijan": "Europe",
  "Slovenia": "Europe",
  "Belarus": "Europe",
  "Latvia": "Europe",
  "Estonia": "Europe",
  "Iceland": "Europe",
  "Cyprus": "Europe",
  "Georgia": "Europe",
  "Albania": "Europe",
  "Bosnia and Herzegovina": "Europe",
  "Malta": "Europe",
  "Armenia": "Europe",
  "Moldova": "Europe",
  "North Macedonia": "Europe",
  "Kosovo": "Europe",
  "Monaco": "Europe",
  "Liechtenstein": "Europe",
  "Montenegro": "Europe",
  "Andorra": "Europe",
  "San Marino": "Europe"
}